{
  "7972835532": {
    "daily_limit_base": {
      "site": 3,
      "image": 3,
      "presentation": 3
    },
    "used_today": {
      "site": 0,
      "image": 0,
      "presentation": 0
    },
    "total_sites": 0,
    "total_images": 0,
    "total_presentations": 0,
    "referrals": 0,
    "joined": "2025-11-09",
    "last_reset": "2025-11-09",
    "is_vip": true
  },
  "5464026640": {
    "daily_limit_base": {
      "site": 3,
      "image": 3,
      "presentation": 3
    },
    "used_today": {
      "site": 0,
      "image": 0,
      "presentation": 0
    },
    "total_sites": 0,
    "total_images": 0,
    "total_presentations": 0,
    "referrals": 0,
    "joined": "2025-11-09",
    "last_reset": "2025-11-09"
  },
  "1576570110": {
    "daily_limit_base": {
      "site": 3,
      "image": 3,
      "presentation": 3
    },
    "used_today": {
      "site": 0,
      "image": 0,
      "presentation": 0
    },
    "total_sites": 0,
    "total_images": 0,
    "total_presentations": 0,
    "referrals": 0,
    "joined": "2025-11-09",
    "last_reset": "2025-11-09"
  },
  "888533846": {
    "daily_limit_base": {
      "site": 3,
      "image": 3,
      "presentation": 3
    },
    "used_today": {
      "site": 0,
      "image": 0,
      "presentation": 0
    },
    "total_sites": 0,
    "total_images": 0,
    "total_presentations": 0,
    "referrals": 0,
    "joined": "2025-11-10",
    "last_reset": "2025-11-10",
    "is_vip": true
  }
}